seed,mode,condition,pre,post,applied_sessions,applied_episodes
1,frozen,none,-7.55947758812799,-7.997145266989712,0,0
1,frozen,semantic,-7.55947758812799,-19.80874040065823,0,0
1,frozen,behavioral,-7.55947758812799,-22.37958813857812,0,0
1,frozen,both,-7.55947758812799,-28.59541319383079,0,0
1,motor_only,none,-7.55947758812799,-7.997145266989712,0,0
1,motor_only,semantic,-7.55947758812799,-19.80874040065823,0,0
1,motor_only,behavioral,-7.55947758812799,-9.034621178777197,20,764
1,motor_only,both,-7.55947758812799,-20.57283736349077,20,764
1,joint_v2,none,-7.55947758812799,-7.997145266989712,0,0
1,joint_v2,semantic,-7.55947758812799,-18.84946886795845,18,423
1,joint_v2,behavioral,-7.55947758812799,-9.148693152956342,20,764
1,joint_v2,both,-7.55947758812799,-19.419968332143974,20,764
1,unguarded_v2,none,-7.568248454155578,-8.070242364158249,20,1040
1,unguarded_v2,semantic,-7.568248454155578,-18.422870408104266,20,1040
1,unguarded_v2,behavioral,-7.568248454155578,-9.135056414518186,20,1040
1,unguarded_v2,both,-7.568248454155578,-19.221498168486576,20,1040
1,selective_v2,none,-7.55947758812799,-7.997145266989712,0,0
1,selective_v2,semantic,-7.55947758812799,-18.84946886795845,18,423
1,selective_v2,behavioral,-7.55947758812799,-9.034621178777197,20,764
1,selective_v2,both,-7.55947758812799,-19.553065452521057,20,764
1,liam_matched,none,-28.03828249499754,-28.320740491009538,0,0
1,liam_matched,semantic,-28.03828249499754,-28.001879393766536,0,0
1,liam_matched,behavioral,-28.03828249499754,-30.900015542634584,0,0
1,liam_matched,both,-28.03828249499754,-30.896259268529793,0,0
1,liam_long,none,-10.630639584099686,-11.287559577873548,0,0
1,liam_long,semantic,-10.630639584099686,-17.915546972246908,0,0
1,liam_long,behavioral,-10.630639584099686,-12.218373295477491,0,0
1,liam_long,both,-10.630639584099686,-18.084617202080384,0,0
2,frozen,none,-7.7819639800877285,-8.262161951421396,0,0
2,frozen,semantic,-7.7819639800877285,-18.55952616736192,0,0
2,frozen,behavioral,-7.7819639800877285,-22.023989259734044,0,0
2,frozen,both,-7.7819639800877285,-27.254941973273652,0,0
2,motor_only,none,-7.7819639800877285,-8.262161951421396,0,0
2,motor_only,semantic,-7.7819639800877285,-18.55952616736192,0,0
2,motor_only,behavioral,-7.7819639800877285,-9.004550865254242,20,764
2,motor_only,both,-7.7819639800877285,-19.14391122643116,20,764
2,joint_v2,none,-7.7819639800877285,-8.262161951421396,0,0
2,joint_v2,semantic,-7.7819639800877285,-17.696056668323727,18,389
2,joint_v2,behavioral,-7.7819639800877285,-9.0301667861924,20,764
2,joint_v2,both,-7.7819639800877285,-18.13887909343375,20,764
2,unguarded_v2,none,-7.813383633089275,-8.277548014837091,20,1040
2,unguarded_v2,semantic,-7.813383633089275,-17.238168550584845,20,1040
2,unguarded_v2,behavioral,-7.813383633089275,-9.029888788603499,20,1040
2,unguarded_v2,both,-7.813383633089275,-17.914596314964342,20,1040
2,selective_v2,none,-7.7819639800877285,-8.262161951421396,0,0
2,selective_v2,semantic,-7.7819639800877285,-17.696056668323727,18,389
2,selective_v2,behavioral,-7.7819639800877285,-9.004550865254242,20,764
2,selective_v2,both,-7.7819639800877285,-18.224549074924745,20,764
2,liam_matched,none,-24.61059435729172,-24.685524314494046,0,0
2,liam_matched,semantic,-24.61059435729172,-25.98192852233929,0,0
2,liam_matched,behavioral,-24.61059435729172,-24.114834694682322,0,0
2,liam_matched,both,-24.61059435729172,-25.444026074629246,0,0
2,liam_long,none,-11.965929346898864,-12.372609817735903,0,0
2,liam_long,semantic,-11.965929346898864,-17.465714203618425,0,0
2,liam_long,behavioral,-11.965929346898864,-13.087540371014375,0,0
2,liam_long,both,-11.965929346898864,-17.48126203627867,0,0
3,frozen,none,-7.526648345845119,-8.057191401469085,0,0
3,frozen,semantic,-7.526648345845119,-20.090394703296273,0,0
3,frozen,behavioral,-7.526648345845119,-23.30880086972183,0,0
3,frozen,both,-7.526648345845119,-28.64973164144076,0,0
3,motor_only,none,-7.526648345845119,-8.057191401469085,0,0
3,motor_only,semantic,-7.526648345845119,-20.090394703296273,0,0
3,motor_only,behavioral,-7.526648345845119,-8.981763314400586,20,764
3,motor_only,both,-7.526648345845119,-20.78874531498598,20,764
3,joint_v2,none,-7.526648345845119,-8.057191401469085,0,0
3,joint_v2,semantic,-7.526648345845119,-18.968288312177002,17,432
3,joint_v2,behavioral,-7.526648345845119,-9.04879702643548,20,764
3,joint_v2,both,-7.526648345845119,-19.38443631553698,20,764
3,unguarded_v2,none,-7.555553554478637,-8.111627642044644,20,1040
3,unguarded_v2,semantic,-7.555553554478637,-18.677416935558675,20,1040
3,unguarded_v2,behavioral,-7.555553554478637,-9.052743178295346,20,1040
3,unguarded_v2,both,-7.555553554478637,-19.460982133039032,20,1040
3,selective_v2,none,-7.526648345845119,-8.057191401469085,0,0
3,selective_v2,semantic,-7.526648345845119,-18.968288312177002,17,432
3,selective_v2,behavioral,-7.526648345845119,-8.981763314400586,20,764
3,selective_v2,both,-7.526648345845119,-19.62459663092408,20,764
3,liam_matched,none,-37.663264911365374,-36.65532362936158,0,0
3,liam_matched,semantic,-37.663264911365374,-36.65209086450882,0,0
3,liam_matched,behavioral,-37.663264911365374,-30.67672490116295,0,0
3,liam_matched,both,-37.663264911365374,-30.41901398278977,0,0
3,liam_long,none,-23.406634297766608,-22.901858239208288,0,0
3,liam_long,semantic,-23.406634297766608,-22.809564675643504,0,0
3,liam_long,behavioral,-23.406634297766608,-22.942266115697997,0,0
3,liam_long,both,-23.406634297766608,-22.811460788870242,0,0
